-- phpMyAdmin SQL Dump
-- version 5.2.1
-- https://www.phpmyadmin.net/
--
-- Host: 127.0.0.1
-- Generation Time: Nov 26, 2024 at 01:43 AM
-- Server version: 10.4.28-MariaDB
-- PHP Version: 8.2.4

SET SQL_MODE = "NO_AUTO_VALUE_ON_ZERO";
START TRANSACTION;
SET time_zone = "+00:00";


/*!40101 SET @OLD_CHARACTER_SET_CLIENT=@@CHARACTER_SET_CLIENT */;
/*!40101 SET @OLD_CHARACTER_SET_RESULTS=@@CHARACTER_SET_RESULTS */;
/*!40101 SET @OLD_COLLATION_CONNECTION=@@COLLATION_CONNECTION */;
/*!40101 SET NAMES utf8mb4 */;

--
-- Database: `pregledi`
--

-- --------------------------------------------------------

--
-- Table structure for table `nastavnik`
--

CREATE TABLE `nastavnik` (
  `id` int(11) NOT NULL,
  `sid` varchar(255) NOT NULL,
  `ime` varchar(255) NOT NULL,
  `prezime` varchar(255) NOT NULL,
  `oddelenie` int(11) NOT NULL,
  `bukva` varchar(2) NOT NULL
) ENGINE=InnoDB DEFAULT CHARSET=utf8mb4 COLLATE=utf8mb4_general_ci;

--
-- Dumping data for table `nastavnik`
--

INSERT INTO `nastavnik` (`id`, `sid`, `ime`, `prezime`, `oddelenie`, `bukva`) VALUES
(8, '1-24-25', 'Емилија', 'Симонова', 7, 'A'),
(9, '1-24-25', 'Валентина', 'Ефремовска', 7, 'Б'),
(10, '1-24-25', 'Кристина', 'Младеновска', 7, 'В'),
(11, '1-24-25', 'Нина', 'Манева', 8, 'A'),
(12, '1-24-25', 'Љупчо', 'Лазаровски', 8, 'Б'),
(13, '1-24-25', 'Даниела', 'Пешева', 9, 'A'),
(14, '1-24-25', 'Даниел', 'Тодоровски', 9, 'Б');

-- --------------------------------------------------------

--
-- Table structure for table `oceni`
--

CREATE TABLE `oceni` (
  `id` int(11) NOT NULL,
  `ocena` int(11) NOT NULL
) ENGINE=InnoDB DEFAULT CHARSET=utf8mb4 COLLATE=utf8mb4_general_ci;

--
-- Dumping data for table `oceni`
--

INSERT INTO `oceni` (`id`, `ocena`) VALUES
(1, 1),
(2, 2),
(3, 3),
(4, 4),
(5, 5);

-- --------------------------------------------------------

--
-- Table structure for table `oddelenie`
--

CREATE TABLE `oddelenie` (
  `id` int(11) NOT NULL,
  `oddelenie` varchar(255) NOT NULL,
  `predmeti` text NOT NULL
) ENGINE=InnoDB DEFAULT CHARSET=utf8mb4 COLLATE=utf8mb4_general_ci;

--
-- Dumping data for table `oddelenie`
--

INSERT INTO `oddelenie` (`id`, `oddelenie`, `predmeti`) VALUES
(7, 'седмо', '1,2,3,16,5,19,18,8,9,10,11,12,20'),
(8, 'осмо', '1,2,3,16,5,6,7,8,9,10,11,12,13,17'),
(9, 'деветто', '1,2,3,4,5,6,7,8,9,10,11,12,13,14,15');

-- --------------------------------------------------------

--
-- Table structure for table `pol`
--

CREATE TABLE `pol` (
  `id` int(11) NOT NULL,
  `pol` varchar(255) NOT NULL
) ENGINE=InnoDB DEFAULT CHARSET=utf8mb4 COLLATE=utf8mb4_general_ci;

--
-- Dumping data for table `pol`
--

INSERT INTO `pol` (`id`, `pol`) VALUES
(1, 'машки'),
(2, 'женски');

-- --------------------------------------------------------

--
-- Table structure for table `predmeti`
--

CREATE TABLE `predmeti` (
  `id` int(11) NOT NULL,
  `predmet` varchar(255) NOT NULL,
  `short` varchar(255) NOT NULL
) ENGINE=InnoDB DEFAULT CHARSET=utf8mb4 COLLATE=utf8mb4_general_ci;

--
-- Dumping data for table `predmeti`
--

INSERT INTO `predmeti` (`id`, `predmet`, `short`) VALUES
(1, 'Македонски јазик', 'mak'),
(2, 'Математика', 'mat'),
(3, 'Англиски јазик', 'ang'),
(4, 'Француски јазик', 'fra'),
(5, 'Биологија', 'bio'),
(6, 'Хемија', 'hem'),
(7, 'Физика', 'fiz'),
(8, 'Историја', 'ist'),
(9, 'Географија', 'geo'),
(10, 'Музичко образование', 'muz'),
(11, 'Ликовно образование', 'lik'),
(12, 'Физичко образование', 'fzo'),
(13, 'Граѓанско образование', 'gra'),
(14, 'Вештини за живеење', 'ves'),
(15, 'Иновации', 'ino'),
(16, 'Германски', 'ger'),
(17, 'Нашата татковина', 'nast'),
(18, 'Етика', 'etk'),
(19, 'Информатика', 'inf'),
(20, 'Слободен изборен предмет', 'sip'),
(21, 'Техничко и информатика', 'toii'),
(23, 'Историја и општество', 'isio'),
(24, 'Природни науки', 'prnau'),
(25, 'Општество', 'opst'),
(26, 'Слободни активности', 'slak');

-- --------------------------------------------------------

--
-- Table structure for table `ucenici`
--

CREATE TABLE `ucenici` (
  `id` int(11) NOT NULL,
  `sid` varchar(255) NOT NULL,
  `nid` int(11) NOT NULL,
  `sesija` varchar(255) NOT NULL,
  `ime` varchar(255) NOT NULL,
  `prezime` varchar(255) NOT NULL,
  `pol` int(11) NOT NULL,
  `opravdani` int(11) NOT NULL,
  `neopravdani` int(11) NOT NULL,
  `oddelenie` int(11) NOT NULL,
  `bukva` varchar(1) NOT NULL,
  `oceni` text NOT NULL,
  `slabi` int(11) NOT NULL,
  `prosek` decimal(10,0) NOT NULL,
  `datum` date NOT NULL DEFAULT current_timestamp()
) ENGINE=InnoDB DEFAULT CHARSET=utf8mb4 COLLATE=utf8mb4_general_ci;

--
-- Dumping data for table `ucenici`
--

INSERT INTO `ucenici` (`id`, `sid`, `nid`, `sesija`, `ime`, `prezime`, `pol`, `opravdani`, `neopravdani`, `oddelenie`, `bukva`, `oceni`, `slabi`, `prosek`, `datum`) VALUES
(4, '1-24-25', 14, '', 'Ана Марија', 'Алексовска', 2, 0, 0, 9, 'Б', '0, 0, 0, 0, 0, 0, 0, 0, 0, 0, 0, 0, 0, 0, 0', 0, 0, '2024-11-25'),
(5, '1-24-25', 14, '', 'Теона', 'Анастасовска', 2, 0, 0, 9, 'Б', '0, 0, 0, 0, 0, 0, 0, 0, 0, 0, 0, 0, 0, 0, 0', 0, 0, '2024-11-25'),
(6, '1-24-25', 14, '', 'Валентино', 'Ангеловски', 1, 0, 0, 9, 'Б', '0, 0, 0, 0, 0, 0, 0, 0, 0, 0, 0, 0, 0, 0, 0', 0, 0, '2024-11-25'),
(7, '1-24-25', 14, '', 'Андреја', 'Арсова', 2, 0, 0, 9, 'Б', '0, 0, 0, 0, 0, 0, 0, 0, 0, 0, 0, 0, 0, 0, 0', 0, 0, '2024-11-25'),
(8, '1-24-25', 14, '', 'Матеј', 'Арсовски', 1, 0, 0, 9, 'Б', '0, 0, 0, 0, 0, 0, 0, 0, 0, 0, 0, 0, 0, 0, 0', 0, 0, '2024-11-25'),
(9, '1-24-25', 14, '', 'Анастасија', 'Георгиевска', 2, 0, 0, 9, 'Б', '0, 0, 0, 0, 0, 0, 0, 0, 0, 0, 0, 0, 0, 0, 0', 0, 0, '2024-11-25'),
(10, '1-24-25', 14, '', 'Јована', 'Димитрова', 2, 0, 0, 9, 'Б', '0, 0, 0, 0, 0, 0, 0, 0, 0, 0, 0, 0, 0, 0, 0', 0, 0, '2024-11-25'),
(11, '1-24-25', 14, '', 'Драгана', 'Иванова', 2, 0, 0, 9, 'Б', '0, 0, 0, 0, 0, 0, 0, 0, 0, 0, 0, 0, 0, 0, 0', 0, 0, '2024-11-25'),
(12, '1-24-25', 14, '', 'Дамјан', 'Илиев', 1, 0, 0, 9, 'Б', '0, 0, 0, 0, 0, 0, 0, 0, 0, 0, 0, 0, 0, 0, 0', 0, 0, '2024-11-25'),
(13, '1-24-25', 14, '', 'Андреј', 'Јовановски', 1, 0, 0, 9, 'Б', '0, 0, 0, 0, 0, 0, 0, 0, 0, 0, 0, 0, 0, 0, 0', 0, 0, '2024-11-25'),
(14, '1-24-25', 14, '', 'Дарјан', 'Милошевски', 1, 0, 0, 9, 'Б', '0, 0, 0, 0, 0, 0, 0, 0, 0, 0, 0, 0, 0, 0, 0', 0, 0, '2024-11-25'),
(15, '1-24-25', 14, '', 'Матеј', 'Митевски', 1, 0, 0, 9, 'Б', '0, 0, 0, 0, 0, 0, 0, 0, 0, 0, 0, 0, 0, 0, 0', 0, 0, '2024-11-25'),
(16, '1-24-25', 14, '', 'Бојан', 'Младенов', 1, 0, 0, 9, 'Б', '0, 0, 0, 0, 0, 0, 0, 0, 0, 0, 0, 0, 0, 0, 0', 0, 0, '2024-11-25'),
(17, '1-24-25', 14, '', 'Нина', 'Стојчевска', 2, 0, 0, 9, 'Б', '0, 0, 0, 0, 0, 0, 0, 0, 0, 0, 0, 0, 0, 0, 0', 0, 0, '2024-11-25'),
(18, '1-24-25', 14, '', 'Давид', 'Тодоровски', 1, 0, 0, 9, 'Б', '0, 0, 0, 0, 0, 0, 0, 0, 0, 0, 0, 0, 0, 0, 0', 0, 0, '2024-11-25'),
(19, '1-24-25', 14, '', 'Лука', 'Тоневски', 1, 0, 0, 9, 'Б', '0, 0, 0, 0, 0, 0, 0, 0, 0, 0, 0, 0, 0, 0, 0', 0, 0, '2024-11-25'),
(20, '', 13, '', 'Анел', 'Абазовски', 1, 0, 0, 9, 'A', '', 0, 0, '2024-11-25'),
(21, '', 13, '', 'Вероника', 'Андреевска', 2, 0, 0, 9, 'A', '', 0, 0, '2024-11-25'),
(22, '', 13, '', 'Лука', 'Анев', 1, 0, 0, 9, 'A', '', 0, 0, '2024-11-25'),
(23, '', 13, '', 'Ведран', 'Арсовски', 1, 0, 0, 9, 'A', '', 0, 0, '2024-11-25'),
(24, '', 13, '', 'Михаил', 'Георгиевски', 1, 0, 0, 9, 'A', '', 0, 0, '2024-11-25'),
(25, '', 13, '', 'Стефанија', 'Гроздановска', 2, 0, 0, 9, 'A', '', 0, 0, '2024-11-25'),
(26, '', 13, '', 'Кристијан', 'Дрецкоски', 1, 0, 0, 9, 'A', '', 0, 0, '2024-11-25'),
(27, '', 13, '', 'Филип', 'Ѓорѓиев', 1, 0, 0, 9, 'A', '', 0, 0, '2024-11-25'),
(28, '', 13, '', 'Дамјан', 'Ѓорѓиевски', 1, 0, 0, 9, 'A', '', 0, 0, '2024-11-25'),
(29, '', 13, '', 'Ана', 'Естатиевска', 2, 0, 0, 9, 'A', '', 0, 0, '2024-11-25'),
(30, '', 13, '', 'Мануела', 'Ефремова', 2, 0, 0, 9, 'A', '', 0, 0, '2024-11-25'),
(31, '', 13, '', 'Иван', 'Ефремовски', 1, 0, 0, 9, 'A', '', 0, 0, '2024-11-25'),
(32, '', 13, '', 'Ева', 'Китанова', 2, 0, 0, 9, 'A', '', 0, 0, '2024-11-25'),
(33, '', 13, '', 'Џансела', 'Мустафова', 2, 0, 0, 9, 'A', '', 0, 0, '2024-11-25'),
(34, '', 13, '', 'Ангела', 'Николовска', 2, 0, 0, 9, 'A', '', 0, 0, '2024-11-25'),
(35, '', 13, '', 'Јакимче', 'Павловски', 1, 0, 0, 9, 'A', '', 0, 0, '2024-11-25'),
(36, '', 13, '', 'Петар', 'Петковски', 1, 0, 0, 9, 'A', '', 0, 0, '2024-11-25'),
(37, '', 13, '', 'Марио', 'Цветков', 1, 0, 0, 9, 'A', '', 0, 0, '2024-11-25'),
(38, '', 12, '', 'Максим', 'Алексовски', 1, 0, 0, 8, 'Б', '', 0, 0, '2024-11-25'),
(39, '', 12, '', 'Јурсена', 'Алиова', 2, 0, 0, 8, 'Б', '', 0, 0, '2024-11-25'),
(40, '', 12, '', 'Лука', 'Арсов', 1, 0, 0, 8, 'Б', '', 0, 0, '2024-11-25'),
(41, '', 12, '', 'Даријан', 'Даниловски', 1, 0, 0, 8, 'Б', '', 0, 0, '2024-11-25'),
(42, '', 12, '', 'Филип', 'Димитров', 1, 0, 0, 8, 'Б', '', 0, 0, '2024-11-25'),
(43, '', 12, '', 'Александар', 'Ефремов', 1, 0, 0, 8, 'Б', '', 0, 0, '2024-11-25'),
(44, '', 12, '', 'Никола', 'Ефремов', 1, 0, 0, 8, 'Б', '', 0, 0, '2024-11-25'),
(45, '', 12, '', 'Ања', 'Ефремовска', 2, 0, 0, 8, 'Б', '', 0, 0, '2024-11-25'),
(46, '', 12, '', 'Матеј', 'Ивановски', 1, 0, 0, 8, 'Б', '', 0, 0, '2024-11-25'),
(47, '', 12, '', 'Меланија', 'Јовановска', 2, 0, 0, 8, 'Б', '', 0, 0, '2024-11-25'),
(48, '', 12, '', 'Теона', 'Лазаревска', 2, 0, 0, 8, 'Б', '', 0, 0, '2024-11-25'),
(49, '', 12, '', 'Предраг', 'Митевски', 1, 0, 0, 8, 'Б', '', 0, 0, '2024-11-25'),
(50, '', 12, '', 'Мила', 'Петровска', 2, 0, 0, 8, 'Б', '', 0, 0, '2024-11-25'),
(51, '', 12, '', 'Нина', 'Пешевска', 2, 0, 0, 8, 'Б', '', 0, 0, '2024-11-25'),
(52, '', 12, '', 'Алекс', 'Спасовски', 1, 0, 0, 8, 'Б', '', 0, 0, '2024-11-25'),
(53, '', 12, '', 'Војдан', 'Спасовски', 1, 0, 0, 8, 'Б', '', 0, 0, '2024-11-25'),
(54, '', 12, '', 'Тијана', 'Стоилевска', 2, 0, 0, 8, 'Б', '', 0, 0, '2024-11-25'),
(55, '', 12, '', 'Сара', 'Стојковска', 2, 0, 0, 8, 'Б', '', 0, 0, '2024-11-25'),
(56, '', 12, '', 'Јана', 'Тодоровска', 2, 0, 0, 8, 'Б', '', 0, 0, '2024-11-25'),
(57, '', 12, '', 'Михаил', 'Тодоровски', 1, 0, 0, 8, 'Б', '', 0, 0, '2024-11-25'),
(58, '', 12, '', 'Георгиј', 'Тодосов', 1, 0, 0, 8, 'Б', '', 0, 0, '2024-11-25'),
(59, '', 11, '', 'Давор', 'Атанасовски', 1, 0, 0, 8, 'A', '', 0, 0, '2024-11-25'),
(60, '', 11, '', 'Михаела', 'Младеновска', 2, 0, 0, 8, 'A', '', 0, 0, '2024-11-25'),
(61, '', 11, '', 'Кирил', 'Михајловски', 1, 0, 0, 8, 'A', '', 0, 0, '2024-11-25'),
(62, '', 11, '', 'Деспина', 'Досева', 2, 0, 0, 8, 'A', '', 0, 0, '2024-11-25'),
(63, '', 11, '', 'Теофил', 'Игнатов', 1, 0, 0, 8, 'A', '', 0, 0, '2024-11-25'),
(64, '', 11, '', 'Петар', 'Иванов', 1, 0, 0, 8, 'A', '', 0, 0, '2024-11-25'),
(65, '', 11, '', 'Филип', 'Трпковски', 1, 0, 0, 8, 'A', '', 0, 0, '2024-11-25'),
(66, '', 11, '', 'Ана', 'Милевска', 2, 0, 0, 8, 'A', '', 0, 0, '2024-11-25'),
(67, '', 11, '', 'Стефани', 'Анчевска', 2, 0, 0, 8, 'A', '', 0, 0, '2024-11-25'),
(68, '', 11, '', 'Илин', 'Ефремовски', 1, 0, 0, 8, 'A', '', 0, 0, '2024-11-25'),
(69, '', 11, '', 'Мила', 'Трајчевска', 2, 0, 0, 8, 'A', '', 0, 0, '2024-11-25'),
(70, '', 11, '', 'Михаела', 'Јумерова', 2, 0, 0, 8, 'A', '', 0, 0, '2024-11-25'),
(71, '', 11, '', 'Андреј', 'Миневски', 1, 0, 0, 8, 'A', '', 0, 0, '2024-11-25'),
(72, '', 11, '', 'Андреј', 'Ангеловски', 1, 0, 0, 8, 'A', '', 0, 0, '2024-11-25'),
(73, '', 11, '', 'Амела', 'Абазовска', 2, 0, 0, 8, 'A', '', 0, 0, '2024-11-25'),
(74, '', 11, '', 'Меланија', 'Милошева', 2, 0, 0, 8, 'A', '', 0, 0, '2024-11-25'),
(75, '', 11, '', 'Бојан', 'Арсовски', 1, 0, 0, 8, 'A', '', 0, 0, '2024-11-25'),
(76, '', 11, '', 'Јован', 'Крстевски', 1, 0, 0, 8, 'A', '', 0, 0, '2024-11-25'),
(77, '', 11, '', 'Иван', 'Ѓеоргиевски', 1, 0, 0, 8, 'A', '', 0, 0, '2024-11-25'),
(78, '', 11, '', 'Михаел', 'Младенов', 1, 0, 0, 8, 'A', '', 0, 0, '2024-11-25'),
(79, '', 11, '', 'Божидар', 'Златковски', 1, 0, 0, 8, 'A', '', 0, 0, '2024-11-25'),
(80, '', 11, '', 'Мила', 'Давиткова', 2, 0, 0, 8, 'A', '', 0, 0, '2024-11-25'),
(81, '', 11, '', 'Ивона', 'Стојчевска', 2, 0, 0, 8, 'A', '', 0, 0, '2024-11-25'),
(82, '', 8, '', 'Антонија', 'Николовска', 2, 0, 0, 7, 'A', '', 0, 0, '2024-11-25'),
(83, '', 8, '', 'Бојана', 'Николовска', 2, 0, 0, 7, 'A', '', 0, 0, '2024-11-25'),
(84, '', 8, '', 'Илија', 'Илиевски', 1, 0, 0, 7, 'A', '', 0, 0, '2024-11-25'),
(85, '', 8, '', 'Марија', 'Стаменовска', 2, 0, 0, 7, 'A', '', 0, 0, '2024-11-25'),
(86, '', 8, '', 'Јана', 'Китанова', 2, 0, 0, 7, 'A', '', 0, 0, '2024-11-25'),
(87, '', 8, '', 'Дарио', 'Илевски', 1, 0, 0, 7, 'A', '', 0, 0, '2024-11-25'),
(88, '', 8, '', 'Јован', 'Андреевски', 1, 0, 0, 7, 'A', '', 0, 0, '2024-11-25'),
(89, '', 8, '', 'Михаил', 'Краљевски', 1, 0, 0, 7, 'A', '', 0, 0, '2024-11-25'),
(90, '', 8, '', 'Ена', 'Арсовска', 2, 0, 0, 7, 'A', '', 0, 0, '2024-11-25'),
(91, '', 8, '', 'Тео', 'Арсовски', 1, 0, 0, 7, 'A', '', 0, 0, '2024-11-25'),
(92, '', 8, '', 'Теодор', 'Анчевски', 1, 0, 0, 7, 'A', '', 0, 0, '2024-11-25'),
(93, '', 8, '', 'Ена', 'Стојмировска', 2, 0, 0, 7, 'A', '', 0, 0, '2024-11-25'),
(94, '', 8, '', 'Огнен', 'Илијевски', 1, 0, 0, 7, 'A', '', 0, 0, '2024-11-25'),
(95, '', 8, '', 'Леонардо', 'Мустафов', 1, 0, 0, 7, 'A', '', 0, 0, '2024-11-25'),
(96, '', 9, '', 'Езѓун', 'Абазовски', 1, 0, 0, 7, 'Б', '', 0, 0, '2024-11-25'),
(97, '', 9, '', 'Мишел', 'Тодоровска', 2, 0, 0, 7, 'Б', '', 0, 0, '2024-11-25'),
(98, '', 9, '', 'Давор', 'Тоневски', 1, 0, 0, 7, 'Б', '', 0, 0, '2024-11-25'),
(99, '', 9, '', 'Лана', 'Крстевска', 2, 0, 0, 7, 'Б', '', 0, 0, '2024-11-25'),
(100, '', 9, '', 'Лука', 'Цветановски', 1, 0, 0, 7, 'Б', '', 0, 0, '2024-11-25'),
(101, '', 9, '', 'Михаил', 'Иванов', 1, 0, 0, 7, 'Б', '', 0, 0, '2024-11-25'),
(102, '', 9, '', 'Сергеј', 'Ристовски', 1, 0, 0, 7, 'Б', '', 0, 0, '2024-11-25'),
(103, '', 9, '', 'Павел', 'Максимов', 1, 0, 0, 7, 'Б', '', 0, 0, '2024-11-25'),
(104, '', 9, '', 'Александар', 'Николовски', 1, 0, 0, 7, 'Б', '', 0, 0, '2024-11-25'),
(105, '', 9, '', 'Симон', 'Младенов', 1, 0, 0, 7, 'Б', '', 0, 0, '2024-11-25'),
(106, '', 9, '', 'Дамјан', 'Миташев', 1, 0, 0, 7, 'Б', '', 0, 0, '2024-11-25'),
(107, '', 9, '', 'Матеа', 'Лампевска', 2, 0, 0, 7, 'Б', '', 0, 0, '2024-11-25'),
(108, '', 9, '', 'Нела', 'Милановска', 2, 0, 0, 7, 'Б', '', 0, 0, '2024-11-25'),
(109, '', 9, '', 'Дариа', 'Георгиевска', 2, 0, 0, 7, 'Б', '', 0, 0, '2024-11-25'),
(110, '', 10, '', 'Ивана', 'Амповска', 2, 0, 0, 7, 'В', '', 0, 0, '2024-11-25'),
(111, '', 10, '', 'Јана', 'Додевска', 2, 0, 0, 7, 'В', '', 0, 0, '2024-11-25'),
(112, '', 10, '', 'Даниел', 'Маринковски', 1, 0, 0, 7, 'В', '', 0, 0, '2024-11-25'),
(113, '', 10, '', 'Миа', 'Спиридоновска', 2, 0, 0, 7, 'В', '', 0, 0, '2024-11-25'),
(114, '', 10, '', 'Александар', 'Крстевски', 1, 0, 0, 7, 'В', '', 0, 0, '2024-11-25'),
(115, '', 10, '', 'Стефанија', 'Манева', 2, 0, 0, 7, 'В', '', 0, 0, '2024-11-25'),
(116, '', 10, '', 'Михаил', 'Спасовски', 1, 0, 0, 7, 'В', '', 0, 0, '2024-11-25'),
(117, '', 10, '', 'Лука', 'Ефремов', 1, 0, 0, 7, 'В', '', 0, 0, '2024-11-25'),
(118, '', 10, '', 'Мила', 'Димитриевска', 2, 0, 0, 7, 'В', '', 0, 0, '2024-11-25'),
(119, '', 10, '', 'Антониј', 'Митевски', 1, 0, 0, 7, 'В', '', 0, 0, '2024-11-25'),
(120, '', 10, '', 'Алексеј', 'Митевски', 1, 0, 0, 7, 'В', '', 0, 0, '2024-11-25'),
(121, '', 10, '', 'Антонио', 'Андонов', 1, 0, 0, 7, 'В', '', 0, 0, '2024-11-25'),
(122, '', 10, '', 'Лука', 'Иванов', 1, 0, 0, 7, 'В', '', 0, 0, '2024-11-25'),
(123, '', 10, '', 'Михаил', 'Гроздановски', 1, 0, 0, 7, 'В', '', 0, 0, '2024-11-25'),
(124, '', 10, '', 'Мануел', 'Мустафов', 1, 0, 0, 7, 'В', '', 0, 0, '2024-11-25');

--
-- Indexes for dumped tables
--

--
-- Indexes for table `nastavnik`
--
ALTER TABLE `nastavnik`
  ADD PRIMARY KEY (`id`);

--
-- Indexes for table `oceni`
--
ALTER TABLE `oceni`
  ADD PRIMARY KEY (`id`);

--
-- Indexes for table `oddelenie`
--
ALTER TABLE `oddelenie`
  ADD PRIMARY KEY (`id`);

--
-- Indexes for table `pol`
--
ALTER TABLE `pol`
  ADD PRIMARY KEY (`id`);

--
-- Indexes for table `predmeti`
--
ALTER TABLE `predmeti`
  ADD PRIMARY KEY (`id`);

--
-- Indexes for table `ucenici`
--
ALTER TABLE `ucenici`
  ADD PRIMARY KEY (`id`);

--
-- AUTO_INCREMENT for dumped tables
--

--
-- AUTO_INCREMENT for table `nastavnik`
--
ALTER TABLE `nastavnik`
  MODIFY `id` int(11) NOT NULL AUTO_INCREMENT, AUTO_INCREMENT=15;

--
-- AUTO_INCREMENT for table `oceni`
--
ALTER TABLE `oceni`
  MODIFY `id` int(11) NOT NULL AUTO_INCREMENT, AUTO_INCREMENT=6;

--
-- AUTO_INCREMENT for table `oddelenie`
--
ALTER TABLE `oddelenie`
  MODIFY `id` int(11) NOT NULL AUTO_INCREMENT, AUTO_INCREMENT=10;

--
-- AUTO_INCREMENT for table `pol`
--
ALTER TABLE `pol`
  MODIFY `id` int(11) NOT NULL AUTO_INCREMENT, AUTO_INCREMENT=3;

--
-- AUTO_INCREMENT for table `predmeti`
--
ALTER TABLE `predmeti`
  MODIFY `id` int(11) NOT NULL AUTO_INCREMENT, AUTO_INCREMENT=27;

--
-- AUTO_INCREMENT for table `ucenici`
--
ALTER TABLE `ucenici`
  MODIFY `id` int(11) NOT NULL AUTO_INCREMENT, AUTO_INCREMENT=125;
COMMIT;

/*!40101 SET CHARACTER_SET_CLIENT=@OLD_CHARACTER_SET_CLIENT */;
/*!40101 SET CHARACTER_SET_RESULTS=@OLD_CHARACTER_SET_RESULTS */;
/*!40101 SET COLLATION_CONNECTION=@OLD_COLLATION_CONNECTION */;
